Unnamed: 0,Price,NumBedrooms,NumBathrooms,Floor_Space,Frontyard_space_in_ft,Bathroom_Level,Bedroom_Level,Primary_Bedroom_Level,Number_Parking_Spaces
0,1149000.0,5.0,5.0,2538.0,49.0,2,1,3,4.0
1,998900.0,3.0,4.0,2728.0,49.0,1,3,1,7.0
2,799900.0,3.0,3.0,1665.0,38.0,2,3,3,4.0
3,772888.0,3.0,4.0,1745.0,31.0,2,3,3,3.0
4,624900.0,3.0,2.0,1585.0,30.28,3,3,3,3.0
5,619000.0,3.0,3.0,949.885,30.0,3,3,1,2.0
6,550000.0,3.0,2.0,1839.2842264150945,58.57068322981366,2,1,3,3.0
7,424900.0,2.0,2.0,1052.0,58.57068322981366,2,2,2,1.0
8,1863299.9999999988,4.0,5.0,2745.3,56.05,3,3,2,9.0
9,1495000.0,6.0,4.0,2745.3,70.0,3,3,3,10.0
10,849900.0,5.0,3.0,1700.0,70.0,2,2,2,9.0
11,739900.0,4.0,4.0,1839.2842264150945,58.57068322981366,1,1,1,4.0
12,599000.0,3.0,2.0,1839.2842264150945,50.0,1,2,1,1.0
13,550000.0,3.0,2.0,1091.0,30.0,2,3,3,3.0
14,489900.0,3.0,1.0,1024.79,38.28,2,2,2,3.0
15,479900.0,3.0,2.0,1839.2842264150945,58.57068322981366,2,3,1,2.0
16,474900.0,2.0,1.0,982.0,35.0,3,3,3,5.0
17,459900.0,5.0,3.0,1604.56,50.25,2,2,2,6.0
18,440000.0,3.0,1.0,949.885,58.0,2,2,2,2.0
19,439900.0,3.0,2.0,1297.39,30.0,1,1,1,2.0
20,374900.0,3.0,2.0,1290.0,58.57068322981366,3,3,3,2.0
21,949900.0,4.0,3.0,1800.0,70.0,3,3,3,5.0
22,699900.0,2.0,3.0,1839.2842264150945,58.57068322981366,1,2,1,2.0
23,699000.0,4.0,3.0,1059.0,45.0,1,3,3,1.0
24,649990.0,3.0,2.0,1839.2842264150945,58.57068322981366,1,1,3,3.0
25,649900.0,4.0,3.0,1839.2842264150945,58.57068322981366,1,2,1,4.0
26,579000.0,4.0,2.0,1290.0,70.0,2,1,1,4.0
27,464900.0,3.0,2.0,1210.0,30.0,3,3,3,1.0
28,434900.0,4.0,2.0,1839.2842264150945,58.57068322981366,1,1,1,1.0
29,399900.0,3.0,2.0,1140.0,58.57068322981366,3,3,3,1.0
30,399000.0,4.0,1.0,949.885,30.0,2,2,2,2.0
31,1499900.0,6.0,5.0,2745.3,40.0,1,1,1,8.0
32,1499900.0,6.0,1.0,2745.3,40.0,1,1,1,8.0
33,999900.0,4.0,4.0,2238.8,69.88,2,3,3,4.0
34,769900.0,4.0,3.0,2346.0,36.75,3,3,3,6.0
35,620000.0,5.0,2.0,949.885,50.0,1,2,1,4.0
36,599900.0,3.0,2.0,1048.38,70.0,1,3,3,3.0
37,549900.0,3.0,2.0,1839.2842264150945,58.57068322981366,3,1,3,2.0
38,499900.0,1.0,1.0,1839.2842264150945,58.57068322981366,1,1,1,1.0
39,374400.0,1.0,1.0,949.885,58.57068322981366,2,2,1,1.0
40,1198800.0,4.0,4.0,2263.0,41.0,2,3,3,4.0
41,899900.0,4.0,3.0,2206.0,65.0,3,3,3,7.0
42,889900.0,3.0,3.0,1913.0,38.0,3,3,3,4.0
43,574000.0,5.0,3.0,2057.56,58.57068322981366,2,3,3,3.0
44,542000.0,3.0,3.0,1066.41,58.57068322981366,3,3,3,1.0
45,469900.0,3.0,1.0,949.885,35.0,2,2,3,4.0
46,1863299.9999999988,6.0,5.0,2745.3,70.0,3,3,3,10.0
47,1385000.0,5.0,5.0,2745.3,41.9,1,1,3,6.0
48,1175000.0,4.0,4.0,1839.2842264150945,58.57068322981366,1,1,3,8.0
49,845888.0,2.0,2.0,1839.2842264150945,58.57068322981366,1,2,1,3.0
50,839900.0,4.0,2.0,1205.32,58.23,2,3,3,4.0
51,799900.0,2.0,2.0,1660.0,58.57068322981366,2,2,2,2.0
52,735000.0,5.0,4.0,1839.2842264150945,58.57068322981366,2,1,1,1.0
53,699900.0,3.0,3.0,1697.0,50.0,3,3,3,4.0
54,549000.0,5.0,2.0,1839.2842264150945,58.57068322981366,1,1,1,4.0
55,525000.0,3.0,2.0,987.0,32.0,3,3,3,2.0
56,374400.0,1.0,1.0,1320.0,58.57068322981366,1,1,1,1.0
57,1111000.0,4.0,4.0,2745.3,50.78,3,3,3,6.0
58,1100000.0,6.0,4.0,1839.2842264150945,58.57068322981366,1,1,3,4.0
59,799000.0,3.0,3.0,1839.2842264150945,58.57068322981366,1,3,1,3.0
60,659900.0,5.0,2.0,1839.2842264150945,58.57068322981366,1,1,1,5.0
61,649000.0,5.0,2.0,1839.2842264150945,58.57068322981366,2,2,1,3.0
62,599900.0,4.0,3.0,1294.0,45.63,1,1,3,2.0
63,599000.0,3.0,3.0,1839.2842264150945,58.57068322981366,1,1,1,6.0
64,439900.0,3.0,2.0,1050.0,30.0,2,3,3,1.0
65,1499999.0,6.0,4.0,2745.3,70.0,3,1,3,4.0
66,899000.0,4.0,3.0,1839.2842264150945,58.57068322981366,1,3,3,4.0
67,879990.0,4.0,4.0,1839.2842264150945,58.57068322981366,1,1,1,4.0
68,849900.0,3.0,4.0,1782.63,40.08,3,3,3,4.0
69,739000.0,4.0,3.0,1839.2842264150945,58.57068322981366,1,3,1,2.0
70,664900.0,3.0,3.0,1429.32,58.57068322981366,3,3,3,2.0
71,579000.0,3.0,2.0,1839.2842264150945,58.57068322981366,1,1,3,3.0
72,1099900.0,3.0,4.0,2123.0,52.0,2,1,2,4.0
73,859000.0,3.0,4.0,1800.0,48.72,2,3,3,4.0
74,849900.0,2.0,2.0,1410.0,34.0,3,3,3,2.0
75,589900.0,3.0,2.0,1094.0,32.81,1,2,2,2.0
76,539000.0,3.0,2.0,1028.0,58.57068322981366,2,2,2,1.0
77,374900.0,1.0,1.0,949.885,58.57068322981366,2,2,1,1.0
78,374400.0,2.0,1.0,949.885,58.57068322981366,2,2,2,1.0
79,721000.0,4.0,2.0,1839.2842264150945,58.57068322981366,1,1,2,2.0
80,570000.0,5.0,2.0,950.0,35.32,2,2,2,4.0
81,439900.0,3.0,2.0,1193.0,30.0,3,3,3,1.0
82,1650000.0,4.0,3.0,1839.2842264150945,58.57068322981366,1,1,2,6.0
83,649900.0,3.0,5.0,1839.2842264150945,58.57068322981366,1,1,3,3.0
84,374400.0,1.0,2.0,1839.2842264150945,34.0,1,1,1,1.0
85,374400.0,2.0,1.0,1839.2842264150945,58.57068322981366,1,1,2,2.0
86,374400.0,1.0,1.0,949.885,58.57068322981366,1,1,1,1.0
87,1075000.0,2.0,3.0,2161.0,65.12,2,2,2,4.0
88,899999.0,6.0,4.0,1839.2842264150945,58.57068322981366,1,1,3,6.0
89,799000.0,4.0,3.0,1839.2842264150945,58.57068322981366,1,1,3,4.0
90,775000.0,4.0,3.0,1839.2842264150945,58.57068322981366,2,1,3,2.0
91,669999.0,4.0,2.0,1839.2842264150945,58.57068322981366,1,1,1,2.0
92,659900.0,3.0,3.0,1141.85,58.57068322981366,1,2,2,2.0
93,650000.0,4.0,2.0,1233.8,50.0,2,2,2,6.0
94,599900.0,4.0,2.0,1839.2842264150945,58.57068322981366,1,1,3,4.0
95,579900.0,2.0,2.0,1700.0,58.57068322981366,2,2,2,7.0
96,374400.0,2.0,1.0,950.0,30.0,2,2,2,1.0
97,1599900.0,5.0,4.0,2745.3,59.97,2,3,3,7.0
98,1369000.0,5.0,4.0,1839.2842264150945,58.57068322981366,1,1,3,6.0
99,1249000.0,4.0,3.0,1839.2842264150945,58.57068322981366,1,1,2,4.0
100,785000.0,3.0,3.0,1839.2842264150945,58.57068322981366,1,1,3,2.0
101,749900.0,5.0,3.0,1839.2842264150945,58.57068322981366,1,1,1,5.0
102,729900.0,3.0,3.0,1839.2842264150945,58.57068322981366,1,1,1,6.0
103,624900.0,1.0,1.0,1839.2842264150945,69.17,1,1,1,6.0
104,599900.0,2.0,2.0,1839.2842264150945,58.57068322981366,1,2,2,1.0
105,599000.0,3.0,4.0,1464.0,58.57068322981366,1,3,3,2.0
106,799000.0,1.0,1.0,1839.2842264150945,70.0,1,1,1,1.0
107,749000.0,4.0,2.0,1839.2842264150945,55.0,1,1,1,4.0
108,599900.0,2.0,2.0,1189.0,58.57068322981366,2,2,2,1.0
109,374400.0,1.0,1.0,1567.0,58.57068322981366,1,1,1,1.0
110,799999.0,4.0,2.0,1350.0,70.0,2,3,3,1.0
111,749000.0,3.0,2.0,1058.0,55.0,3,3,3,1.0
112,374400.0,1.0,1.0,949.885,58.57068322981366,1,1,1,1.0
113,850000.0,4.0,4.0,1839.2842264150945,58.57068322981366,1,1,3,6.0
114,374400.0,3.0,1.0,1839.2842264150945,58.57068322981366,2,2,1,2.0
115,949900.0,4.0,3.0,1839.2842264150945,58.57068322981366,1,1,3,3.0
116,899000.0,4.0,3.0,1839.2842264150945,58.57068322981366,1,1,1,6.0
117,749900.0,5.0,2.0,1839.2842264150945,58.57068322981366,2,1,2,5.0
118,374400.0,1.0,1.0,1839.2842264150945,58.57068322981366,1,1,1,8.0
119,990000.0,5.0,4.0,1839.2842264150945,40.18,1,2,1,6.0
120,720000.0,4.0,2.0,1645.0,39.0,1,3,3,3.0
121,619900.0,6.0,2.0,1839.2842264150945,58.57068322981366,2,1,2,4.0
122,1863299.9999999988,1.0,1.0,1839.2842264150945,70.0,1,1,1,10.0
123,1863299.9999999988,1.0,1.0,1839.2842264150945,70.0,1,1,1,1.0
124,1799900.0,5.0,4.0,2159.0,70.0,1,1,2,1.0
125,990000.0,5.0,4.0,2745.3,40.18,3,3,3,1.0
126,889000.0,4.0,4.0,1839.2842264150945,58.57068322981366,2,1,3,2.0
127,748000.0,4.0,4.0,1839.2842264150945,58.57068322981366,1,2,1,2.0
128,499900.0,3.0,3.0,1550.0,58.57068322981366,2,3,3,1.0
129,499000.0,3.0,1.0,1417.66,70.0,2,3,3,1.0
130,439900.0,3.0,2.0,1839.2842264150945,58.57068322981366,1,2,1,3.0
131,374400.0,2.0,2.0,949.885,30.0,2,3,3,1.0
132,374400.0,1.0,1.0,949.885,58.57068322981366,2,2,1,1.0
133,374400.0,2.0,1.0,949.885,30.0,2,2,2,1.0
134,949000.0,4.0,3.0,2362.0,30.83,3,3,3,1.0
135,849900.0,2.0,2.0,1470.18,58.57068322981366,2,2,2,1.0
136,749900.0,4.0,2.0,1839.2842264150945,58.57068322981366,1,1,1,6.0
137,635000.0,4.0,2.0,1839.2842264150945,58.57068322981366,2,2,2,2.0
138,624999.0,3.0,3.0,1839.2842264150945,58.57068322981366,1,1,3,3.0
139,565000.0,3.0,2.0,1075.0,70.0,2,2,1,1.0
140,499900.0,6.0,3.0,1839.2842264150945,58.57068322981366,2,1,1,1.0
141,439900.0,3.0,3.0,1340.0,58.57068322981366,1,1,1,2.0
142,1199900.0,4.0,3.0,1690.0,54.51,1,2,2,4.0
143,1099000.0,5.0,4.0,2745.3,49.0,3,1,3,1.0
144,950000.0,1.0,1.0,1839.2842264150945,44.75,1,1,1,1.0
145,779000.0,3.0,3.0,1839.2842264150945,58.57068322981366,1,1,3,3.0
146,699900.0,3.0,3.0,1577.0,58.57068322981366,1,1,1,1.0
147,675000.0,2.0,2.0,1250.0,58.57068322981366,2,2,2,1.0
148,650000.0,3.0,2.0,1839.2842264150945,58.57068322981366,1,1,2,1.0
149,649000.0,3.0,4.0,1698.0,30.0,1,1,1,1.0
150,629900.0,3.0,4.0,1839.2842264150945,58.57068322981366,2,1,1,2.0
151,629900.0,3.0,4.0,1737.0,58.57068322981366,1,1,1,2.0
152,424900.0,2.0,1.0,949.885,30.0,2,2,2,1.0
153,1299800.0,6.0,5.0,2620.0,54.54,2,2,3,1.0
154,949999.0,4.0,4.0,2366.0,58.57068322981366,2,3,3,1.0
155,919000.0,3.0,2.0,1967.0,70.0,2,2,2,1.0
156,809000.0,3.0,3.0,1658.0,36.09,3,3,3,1.0
157,749500.0,4.0,3.0,1481.0,70.0,1,2,2,1.0
158,659000.0,3.0,2.0,1114.63,50.13,3,3,3,6.0
159,499900.0,3.0,2.0,949.885,40.0,1,1,1,1.0
160,379900.0,1.0,1.0,949.885,70.0,2,1,2,1.0
161,374400.0,2.0,1.0,949.885,58.57068322981366,2,2,2,1.0
162,374400.0,1.0,1.0,949.885,30.0,2,2,1,1.0
163,1345000.0,5.0,5.0,1839.2842264150945,58.57068322981366,1,3,1,4.0
164,978500.0,5.0,4.0,2200.0,40.24,3,1,3,1.0
165,854200.0,3.0,3.0,1654.0,36.0,2,3,2,1.0
166,849900.0,2.0,1.0,1295.0,38.0,1,2,2,1.0
167,814900.0,4.0,4.0,1654.0,32.0,2,3,1,1.0
168,773900.0,3.0,3.0,1641.0,36.0,2,3,3,1.0
169,755900.0,3.0,3.0,1618.0,32.0,3,3,3,1.0
170,649900.0,3.0,2.0,1582.0,54.9,2,3,3,1.0
171,629999.0,3.0,3.0,1674.03,58.57068322981366,3,2,2,1.0
172,374900.0,2.0,2.0,949.885,58.57068322981366,2,2,2,1.0
173,949999.0,3.0,3.0,1839.2842264150945,58.57068322981366,2,1,3,6.0
174,849900.0,5.0,1.0,2470.0,31.08,1,1,1,1.0
175,819900.0,4.0,4.0,1839.2842264150945,58.57068322981366,1,1,3,4.0
176,649000.0,3.0,3.0,1839.2842264150945,58.57068322981366,1,1,3,2.0
177,974900.0,4.0,4.0,2156.0,36.0,2,3,3,1.0
178,874900.0,3.0,3.0,1823.0,36.0,2,3,3,1.0
179,649000.0,3.0,3.0,1510.0,30.0,3,3,3,1.0
180,529900.0,3.0,4.0,1482.0,30.0,3,3,3,1.0
181,518900.0,6.0,3.0,1839.2842264150945,58.57068322981366,2,2,3,1.0
182,1399900.0,4.0,3.0,2745.3,70.0,3,3,3,8.0
183,1049900.0,4.0,3.0,1320.0,70.0,1,1,2,7.0
184,900000.0,5.0,4.0,1839.2842264150945,58.57068322981366,1,3,1,6.0
185,724999.0,4.0,2.0,1839.2842264150945,58.57068322981366,1,1,2,3.0
186,699999.0,3.0,3.0,1908.0,30.0,2,3,3,1.0
187,699000.0,4.0,2.0,1112.0,44.0,1,1,1,1.0
188,649900.0,4.0,2.0,1000.0,40.0,1,3,3,1.0
189,640000.0,3.0,1.0,949.885,60.0,2,2,1,1.0
190,570000.0,4.0,2.0,1839.2842264150945,58.57068322981366,1,1,3,2.0
191,499900.0,3.0,3.0,1500.0,58.57068322981366,3,3,3,1.0
192,384900.0,2.0,2.0,1065.95,30.0,2,2,2,1.0
193,374400.0,2.0,1.0,1839.2842264150945,58.57068322981366,1,1,1,1.0
194,1588000.0,6.0,4.0,2745.3,58.23,3,3,3,1.0
195,1149990.0,5.0,4.0,2540.0,40.35,1,3,3,1.0
196,1149888.0,5.0,4.0,2416.0,60.2,3,3,3,1.0
197,1049000.0,4.0,4.0,1839.2842264150945,58.57068322981366,1,1,3,4.0
198,899000.0,4.0,3.0,1839.2842264150945,58.57068322981366,1,3,3,5.0
199,869900.0,5.0,4.0,1848.0,36.0,2,3,3,4.0
200,849900.0,5.0,2.0,1600.0,36.12,3,3,2,4.0
201,799000.0,3.0,3.0,1839.2842264150945,58.57068322981366,2,3,1,5.0
202,724999.0,4.0,2.0,1300.0,31.15,2,1,2,3.0
203,698888.0,4.0,1.0,949.885,37.0,1,1,1,1.0
204,649900.0,1.0,1.0,1000.0,58.57068322981366,1,1,1,1.0
205,589000.0,1.0,1.0,1839.2842264150945,58.57068322981366,1,1,1,1.0
206,374400.0,1.0,1.0,949.885,58.57068322981366,2,2,1,1.0
207,1863299.9999999988,5.0,4.0,2745.3,70.0,1,3,3,10.0
208,1485000.0,5.0,4.0,2584.0,48.37,1,3,3,6.0
209,1365000.0,6.0,5.0,2591.0,39.83,3,3,3,1.0
210,1350000.0,4.0,2.0,1839.2842264150945,58.57068322981366,1,1,1,10.0
211,949999.0,4.0,4.0,1839.2842264150945,32.84,1,1,1,4.0
212,900000.0,5.0,4.0,2134.63,70.0,1,3,3,8.0
213,834900.0,2.0,2.0,1560.0,30.0,2,2,2,1.0
214,764900.0,3.0,3.0,2172.0,30.0,2,3,3,1.0
215,749900.0,3.0,3.0,2073.0,30.0,2,3,3,1.0
216,749900.0,3.0,3.0,2073.0,30.0,2,3,3,1.0
217,749000.0,2.0,2.0,1839.2842264150945,58.57068322981366,1,1,1,2.0
218,674900.0,3.0,2.0,1258.0,30.0,3,3,3,1.0
219,649900.0,5.0,1.0,1500.0,30.0,1,1,1,1.0
220,629900.0,3.0,1.0,1500.0,30.0,1,1,1,1.0
221,629900.0,3.0,1.0,1500.0,30.13,1,1,1,1.0
222,629900.0,3.0,1.0,1500.0,30.16,1,1,1,1.0
223,499900.0,4.0,4.0,1839.2842264150945,58.57068322981366,2,1,3,2.0
224,475000.0,3.0,2.0,1251.0,58.57068322981366,2,3,3,1.0
225,374400.0,2.0,1.0,949.885,58.57068322981366,3,3,1,1.0
226,374400.0,2.0,1.0,949.885,58.57068322981366,2,2,1,1.0
227,374400.0,1.0,1.0,949.885,58.57068322981366,1,1,1,1.0
228,1863299.9999999988,5.0,5.0,2745.3,60.0,3,3,3,1.0
229,1863299.9999999988,4.0,4.0,2745.3,62.53,2,3,3,7.0
230,1480000.0,6.0,5.0,2693.0,63.04,1,2,2,1.0
231,1225000.0,5.0,4.0,2314.0,40.0,1,3,3,1.0
232,1150000.0,6.0,4.0,1839.2842264150945,58.57068322981366,1,2,2,1.0
233,1099900.0,5.0,4.0,2171.0,45.0,2,3,2,1.0
234,810000.0,1.0,1.0,1839.2842264150945,50.0,1,1,1,10.0
235,799900.0,3.0,3.0,1839.2842264150945,58.57068322981366,1,1,3,3.0
236,649900.0,3.0,2.0,1398.0,45.0,3,3,3,1.0
237,619786.0,3.0,3.0,1839.2842264150945,58.57068322981366,1,1,3,2.0
238,599000.0,5.0,2.0,1839.2842264150945,58.57068322981366,1,1,2,2.0
239,469999.0,3.0,2.0,1839.2842264150945,58.57068322981366,2,3,3,2.0
240,399900.0,2.0,2.0,949.885,58.57068322981366,2,2,2,1.0
241,399900.0,4.0,2.0,1440.0,30.0,2,3,1,1.0
242,1489000.0,4.0,4.0,2745.3,64.5,3,3,3,1.0
243,1149000.0,4.0,5.0,1839.2842264150945,58.57068322981366,1,1,3,6.0
244,899900.0,4.0,4.0,2161.0,44.2,1,1,3,1.0
245,759900.0,3.0,3.0,1530.0,33.38,2,3,3,1.0
246,650000.0,3.0,4.0,1839.2842264150945,58.57068322981366,1,3,1,2.0
247,549900.0,2.0,2.0,1435.0,58.57068322981366,2,2,2,2.0
248,374400.0,1.0,1.0,1839.2842264150945,58.57068322981366,1,1,1,1.0
249,1149900.0,5.0,4.0,1839.2842264150945,45.85,1,1,1,4.0
250,975900.0,5.0,5.0,1839.0,36.09,1,3,3,1.0
251,749000.0,4.0,4.0,1839.2842264150945,58.57068322981366,1,3,1,4.0
252,524900.0,3.0,2.0,1839.2842264150945,58.57068322981366,2,3,1,3.0
253,1599999.0,5.0,5.0,1839.2842264150945,58.57068322981366,1,2,3,5.0
254,1180000.0,4.0,4.0,2562.0,43.0,3,3,3,1.0
255,1149900.0,5.0,4.0,2745.3,45.85,2,3,3,1.0
256,1059000.0,5.0,4.0,2224.0,40.13,3,3,3,1.0
257,738000.0,4.0,3.0,1239.0,36.09,2,2,3,1.0
258,699900.0,4.0,3.0,2100.0,63.07,1,3,3,1.0
259,699900.0,3.0,4.0,2059.0,30.0,3,3,3,1.0
260,699900.0,1.0,1.0,1839.2842264150945,31.89,1,1,1,8.0
261,649000.0,3.0,2.0,1454.0,30.0,2,2,1,1.0
262,640000.0,5.0,4.0,1839.2842264150945,58.57068322981366,1,3,1,2.0
263,625000.0,3.0,1.0,1839.2842264150945,58.57068322981366,1,1,2,5.0
264,444000.0,3.0,2.0,1415.0,70.0,2,3,1,1.0
265,374400.0,1.0,1.0,1839.2842264150945,58.57068322981366,1,1,1,1.0
266,1599999.0,5.0,5.0,2745.3,55.0,2,3,3,5.0
267,1149000.0,4.0,5.0,2745.3,52.7,3,3,3,6.0
268,1099000.0,5.0,3.0,2064.0,35.0,2,1,1,1.0
269,999900.0,6.0,3.0,2745.3,70.0,1,3,1,10.0
270,899900.0,2.0,2.0,1650.0,58.57068322981366,2,2,2,2.0
271,870000.0,3.0,1.0,2000.0,43.16,1,3,3,4.0
272,800000.0,4.0,4.0,1839.2842264150945,58.57068322981366,1,3,3,3.0
273,649000.0,6.0,2.0,988.0,39.29,1,2,2,1.0
274,379900.0,1.0,1.0,1839.2842264150945,50.2,1,1,1,1.0
275,374400.0,2.0,1.0,949.885,30.0,2,2,1,1.0
276,374400.0,1.0,1.0,949.885,30.0,2,2,1,1.0
277,374400.0,1.0,1.0,1839.2842264150945,58.57068322981366,1,1,1,1.0
278,899900.0,4.0,3.0,1469.0,55.9,2,2,1,1.0
279,889900.0,6.0,4.0,2000.0,60.0,1,3,1,8.0
280,889900.0,6.0,1.0,2000.0,60.0,1,1,1,8.0
281,800000.0,4.0,4.0,2187.0,36.85,3,3,3,1.0
282,640000.0,5.0,4.0,1547.0,30.0,2,3,3,2.0
283,569900.0,4.0,2.0,949.885,30.71,2,2,1,1.0
284,515000.0,2.0,2.0,1147.0,30.0,2,2,2,1.0
285,499000.0,3.0,1.0,1839.2842264150945,58.57068322981366,2,2,2,1.0
286,469000.0,3.0,1.0,949.885,40.1,2,2,2,5.0
287,374400.0,2.0,1.0,1839.2842264150945,58.57068322981366,1,2,1,3.0
288,1375000.0,5.0,5.0,2678.0,40.0,3,3,3,1.0
289,1320000.0,3.0,4.0,2160.0,63.15,2,2,2,1.0
290,899000.0,4.0,4.0,1839.2842264150945,58.57068322981366,1,1,1,6.0
291,849900.0,4.0,3.0,1839.2842264150945,58.57068322981366,1,2,3,4.0
292,749900.0,2.0,2.0,1435.0,58.57068322981366,2,2,2,1.0
293,699900.0,3.0,3.0,1650.0,45.47,3,3,1,1.0
294,699000.0,3.0,3.0,1839.2842264150945,58.57068322981366,1,3,1,2.0
295,624900.0,3.0,3.0,1541.0,36.03,3,3,3,3.0
296,374400.0,2.0,1.0,1005.0,58.57068322981366,2,2,2,1.0
297,374400.0,2.0,1.0,949.885,30.0,2,2,1,3.0
298,1863299.9999999988,3.0,3.0,2745.3,30.0,1,1,2,3.0
299,1280000.0,4.0,4.0,2745.3,50.9,2,3,3,4.0
300,849000.0,3.0,3.0,1900.0,36.18,2,3,1,4.0
301,629900.0,4.0,3.0,1839.2842264150945,58.57068322981366,1,1,1,3.0
302,629000.0,5.0,2.0,949.885,55.97,2,2,1,1.0
303,374400.0,2.0,1.0,949.885,58.57068322981366,2,2,2,1.0
304,1863299.9999999988,5.0,3.0,2745.3,70.0,3,3,3,1.0
305,849000.0,3.0,3.0,1839.2842264150945,58.57068322981366,3,3,1,4.0
306,549900.0,3.0,3.0,1330.0,58.57068322981366,2,3,3,1.0
307,374400.0,1.0,1.0,1839.2842264150945,58.57068322981366,1,1,1,1.0
308,374400.0,1.0,1.0,949.885,70.0,1,1,1,1.0
309,849900.0,4.0,4.0,2122.77,42.0,3,3,3,1.0
310,849000.0,5.0,4.0,1839.2842264150945,58.57068322981366,2,1,3,6.0
311,499900.0,4.0,2.0,1839.2842264150945,58.57068322981366,2,1,3,2.0
312,499900.0,3.0,2.0,1140.0,30.0,2,3,3,2.0
313,1863299.9999999988,1.0,1.0,1839.2842264150945,58.57068322981366,1,1,1,1.0
314,1325000.0,4.0,3.0,2606.89,55.84,2,2,2,1.0
315,1288888.0,6.0,1.0,2745.3,50.0,1,1,1,1.0
316,1219000.0,6.0,4.0,1839.2842264150945,58.57068322981366,1,2,1,8.0
317,1100000.0,4.0,4.0,2450.0,40.1,2,3,3,1.0
318,999900.0,4.0,4.0,2450.0,40.1,3,3,3,1.0
319,994900.0,4.0,2.0,2243.0,39.7,3,3,3,1.0
320,849900.0,1.0,1.0,1839.2842264150945,37.14,1,1,1,1.0
321,619900.0,3.0,3.0,1401.0,30.0,2,1,1,3.0
322,589900.0,3.0,2.0,1550.0,32.0,2,2,1,1.0
323,499900.0,2.0,2.0,949.885,35.0,1,2,1,1.0
324,374400.0,1.0,1.0,1839.2842264150945,58.57068322981366,2,1,2,1.0
325,374400.0,1.0,1.0,949.885,30.0,2,2,1,1.0
326,1440000.0,6.0,1.0,2745.3,30.0,1,1,1,1.0
327,1039000.0,4.0,3.0,2543.0,35.96,2,3,3,1.0
328,999000.0,5.0,1.0,2484.0,50.08,1,1,1,1.0
329,825000.0,4.0,4.0,1709.0,40.68,2,3,3,6.0
330,649900.0,4.0,1.0,1387.0,35.99,1,1,1,3.0
331,644900.0,4.0,2.0,1100.0,45.12,1,2,2,1.0
332,629900.0,3.0,2.0,1096.0,33.69,2,3,1,1.0
333,523500.0,3.0,2.0,1126.0,38.94,2,3,3,2.0
334,499900.0,2.0,1.0,949.885,35.0,1,1,1,1.0
335,424900.0,2.0,2.0,1320.0,70.0,2,2,2,1.0
336,399000.0,2.0,4.0,1603.0,30.0,2,3,1,1.0
337,374400.0,1.0,1.0,1839.2842264150945,70.0,1,1,1,1.0
338,1863299.9999999988,1.0,1.0,1839.2842264150945,70.0,1,1,1,1.0
339,1863299.9999999988,5.0,2.0,2200.0,70.0,2,3,1,1.0
340,1249900.0,5.0,4.0,2745.3,50.0,2,3,3,1.0
341,1195000.0,4.0,4.0,2515.0,50.38,3,3,2,1.0
342,1152000.0,3.0,3.0,2460.0,60.0,3,3,3,4.0
343,999999.0,4.0,3.0,1839.2842264150945,58.57068322981366,1,3,1,6.0
344,999900.0,3.0,4.0,1813.0,70.0,1,3,3,1.0
345,940000.0,4.0,3.0,1618.0,51.55,1,3,3,1.0
346,899900.0,3.0,3.0,1817.63,58.57068322981366,2,2,2,4.0
347,769000.0,4.0,3.0,1140.0,44.0,2,2,2,1.0
348,699900.0,4.0,2.0,999.39,32.0,2,1,2,1.0
349,599900.0,4.0,2.0,949.885,50.0,2,2,2,1.0
350,549999.0,3.0,1.0,949.885,31.0,1,1,1,1.0
351,549999.0,3.0,3.0,949.885,31.0,2,1,1,1.0
352,499000.0,3.0,1.0,1839.2842264150945,58.57068322981366,2,2,3,3.0
353,469900.0,3.0,2.0,1100.0,58.57068322981366,3,3,3,1.0
354,399000.0,3.0,2.0,1839.2842264150945,58.57068322981366,1,3,3,1.0
355,1299000.0,4.0,4.0,2745.3,52.13,2,3,3,4.0
356,1199900.0,5.0,5.0,2538.0,49.0,2,3,3,1.0
357,1150000.0,4.0,3.0,2416.31,70.0,3,3,3,1.0
358,999900.0,4.0,4.0,2475.0,40.0,2,3,3,4.0
359,899900.0,5.0,1.0,1200.0,60.0,1,1,1,1.0
360,899900.0,5.0,2.0,1200.0,60.0,3,1,1,1.0
361,859900.0,3.0,3.0,1957.0,58.57068322981366,2,3,3,1.0
362,857500.0,3.0,3.0,1417.0,30.0,2,2,2,1.0
363,729900.0,4.0,3.0,2181.0,30.0,3,3,3,1.0
364,689900.0,3.0,3.0,1908.0,30.0,3,3,3,2.0
365,660000.0,4.0,2.0,1839.2842264150945,58.57068322981366,2,2,2,7.0
366,599000.0,3.0,2.0,2000.0,30.08,3,3,3,1.0
367,374400.0,1.0,2.0,1839.2842264150945,70.0,1,1,1,1.0
368,1279900.0,4.0,4.0,2611.0,50.0,3,3,3,1.0
369,939900.0,3.0,3.0,1975.0,40.0,3,3,3,1.0
370,899900.0,3.0,3.0,1865.0,40.0,3,3,3,1.0
371,889900.0,3.0,3.0,1759.0,37.5,3,3,3,4.0
372,879900.0,2.0,2.0,1454.0,40.0,2,2,2,1.0
373,869900.0,3.0,3.0,1619.0,37.5,2,3,3,4.0
374,849900.0,3.0,3.0,1544.0,37.5,2,3,3,4.0
375,824900.0,2.0,2.0,1300.0,37.5,2,2,2,3.0
376,649900.0,4.0,2.0,1000.0,35.0,2,1,1,1.0
377,649900.0,4.0,1.0,1000.0,35.0,1,1,1,1.0
378,599900.0,3.0,3.0,1638.0,58.57068322981366,2,1,3,1.0
379,499900.0,4.0,1.0,1014.0,36.0,1,1,1,1.0
380,499900.0,4.0,1.0,1014.0,36.0,1,2,1,1.0
381,435000.0,2.0,2.0,949.885,58.57068322981366,2,2,2,1.0
382,374400.0,1.0,1.0,1839.2842264150945,58.57068322981366,1,1,1,1.0
383,667500.0,5.0,1.0,2745.3,30.0,1,1,1,1.0
384,1863299.9999999988,4.0,4.0,2745.3,70.0,3,2,2,6.0
385,1350000.0,5.0,3.0,1300.0,60.29,2,2,2,5.0
386,889000.0,6.0,1.0,2745.3,30.01,1,1,1,5.0
387,749900.0,3.0,3.0,1777.0,30.0,3,3,3,1.0
388,729900.0,3.0,3.0,1587.0,30.0,1,1,1,1.0
389,659900.0,3.0,2.0,1196.0,39.0,1,2,2,1.0
390,649900.0,2.0,4.0,1252.0,30.0,2,1,1,1.0
391,635000.0,2.0,3.0,1213.0,58.57068322981366,2,2,2,1.0
392,600000.0,1.0,1.0,960.0,58.57068322981366,2,2,1,1.0
393,494900.0,3.0,2.0,1440.0,58.57068322981366,2,2,2,1.0
394,449000.0,4.0,3.0,1229.0,34.67,2,2,1,1.0
395,449000.0,3.0,1.0,1229.0,34.0,1,1,1,1.0
396,399900.0,2.0,2.0,1027.0,58.57068322981366,2,2,2,1.0
397,1863299.9999999988,4.0,4.0,2745.3,70.0,1,3,2,9.0
398,999000.0,5.0,4.0,2484.0,50.08,2,3,1,1.0
399,990000.0,4.0,3.0,1839.2842264150945,58.57068322981366,1,1,1,4.0
400,899900.0,4.0,3.0,1817.0,70.0,3,3,3,1.0
401,899000.0,3.0,3.0,1838.0,34.0,3,3,1,6.0
402,895900.0,2.0,3.0,1897.0,36.18,3,3,3,1.0
403,873500.0,3.0,3.0,1907.0,36.18,3,3,3,1.0
404,849999.0,5.0,4.0,2296.0,58.57068322981366,1,3,2,1.0
405,779900.0,3.0,3.0,1839.2842264150945,58.57068322981366,2,1,2,1.0
406,729000.0,5.0,5.0,1839.2842264150945,58.57068322981366,1,1,3,4.0
407,625000.0,2.0,2.0,1410.0,30.0,2,2,2,1.0
408,579900.0,4.0,2.0,1147.0,50.33,1,1,2,3.0
409,539900.0,3.0,2.0,989.69,30.0,3,3,3,1.0
410,388000.0,2.0,2.0,1045.0,58.57068322981366,2,2,2,1.0
411,1369900.0,4.0,4.0,2745.3,45.0,3,3,3,1.0
412,1175000.0,5.0,4.0,2465.0,32.0,1,3,3,6.0
413,999000.0,4.0,4.0,2479.0,39.8,3,1,3,1.0
414,899900.0,3.0,4.0,1839.2842264150945,58.57068322981366,1,1,3,4.0
415,790000.0,3.0,3.0,949.885,70.0,1,3,1,1.0
416,779900.0,3.0,3.0,1980.0,58.57068322981366,2,2,2,1.0
417,769900.0,2.0,2.0,1399.0,58.57068322981366,2,2,2,1.0
418,759900.0,2.0,2.0,1407.0,58.57068322981366,2,2,2,1.0
419,759000.0,3.0,2.0,1126.0,42.66,3,3,1,1.0
420,699999.0,4.0,3.0,1714.0,30.0,2,1,3,1.0
421,639000.0,3.0,1.0,1839.2842264150945,58.57068322981366,1,1,1,3.0
422,549900.0,3.0,1.0,949.885,37.0,2,2,1,1.0
423,374400.0,2.0,1.0,949.885,58.57068322981366,2,2,1,1.0
424,374400.0,2.0,1.0,1005.23,30.0,2,2,2,1.0
425,1863299.9999999988,1.0,1.0,1839.2842264150945,70.0,1,1,1,10.0
426,1799900.0,5.0,5.0,2745.3,65.58,3,3,3,5.0
427,1399900.0,6.0,1.0,2745.3,70.0,1,1,1,10.0
428,1289900.0,6.0,5.0,2745.3,40.18,1,3,3,1.0
429,979900.0,4.0,3.0,2208.0,36.85,2,3,3,4.0
430,929900.0,4.0,3.0,2095.0,36.85,3,3,3,4.0
431,855400.0,3.0,3.0,1271.0,34.0,2,3,3,1.0
432,799900.0,3.0,3.0,1659.0,34.0,2,3,3,4.0
433,799900.0,4.0,3.0,2200.0,31.82,3,3,3,1.0
434,789000.0,3.0,3.0,1632.0,36.0,2,3,3,4.0
435,699000.0,5.0,1.0,949.885,70.0,1,1,1,1.0
436,699000.0,5.0,3.0,949.885,70.0,1,2,1,1.0
437,550000.0,4.0,2.0,1030.0,64.98,2,1,2,1.0
438,549999.0,4.0,1.0,1780.0,40.0,1,1,1,1.0
439,374400.0,1.0,1.0,1839.2842264150945,58.57068322981366,1,1,1,1.0
440,374400.0,1.0,1.0,1839.2842264150945,44.0,1,1,1,1.0
441,749000.0,4.0,1.0,1839.2842264150945,58.57068322981366,1,1,1,3.0
442,1799900.0,4.0,5.0,2745.3,50.0,3,3,3,1.0
443,1863299.9999999988,5.0,4.0,1839.2842264150945,58.57068322981366,1,1,3,6.0
444,399500.0,1.0,1.0,1839.2842264150945,70.0,1,1,1,1.0
445,1863299.9999999988,5.0,5.0,2745.3,63.02,2,3,3,4.0
446,979900.0,4.0,4.0,2200.0,40.1,3,3,3,1.0
447,959900.0,4.0,3.0,2040.0,40.0,3,3,3,1.0
448,749000.0,5.0,3.0,1521.0,30.0,2,3,3,3.0
449,739900.0,3.0,2.0,1596.0,38.6,1,3,1,3.0
450,539900.0,3.0,1.0,1190.0,64.56,2,2,1,1.0
451,899900.0,4.0,4.0,1855.0,40.0,2,3,3,1.0
452,474900.0,4.0,2.0,1450.0,58.0,2,2,1,1.0
453,374400.0,1.0,1.0,973.0,58.57068322981366,2,2,1,1.0
454,1863299.9999999988,5.0,5.0,2745.3,70.0,3,3,3,10.0
455,1749000.0,6.0,5.0,2745.3,66.0,3,3,3,1.0
456,1489900.0,4.0,3.0,2675.0,70.0,3,3,3,7.0
457,1374900.0,3.0,3.0,2341.0,70.0,2,1,2,1.0
458,969500.0,4.0,3.0,1839.2842264150945,58.57068322981366,1,1,3,4.0
459,899900.0,4.0,3.0,1957.0,32.0,2,3,3,1.0
460,899000.0,4.0,3.0,1980.0,36.21,2,3,3,6.0
461,879900.0,4.0,3.0,1949.0,32.0,2,3,3,3.0
462,879900.0,4.0,3.0,1957.0,32.0,3,3,3,1.0
463,829000.0,4.0,4.0,1664.81,31.0,3,1,3,3.0
464,769999.0,4.0,4.0,1510.0,40.0,3,1,3,4.0
465,749000.0,4.0,1.0,1300.0,69.0,2,2,1,1.0
466,749000.0,4.0,1.0,1300.0,69.0,2,3,1,1.0
467,699900.0,3.0,2.0,1179.0,44.0,1,3,1,1.0
468,624900.0,2.0,3.0,949.885,58.57068322981366,2,1,1,1.0
469,374400.0,2.0,2.0,949.885,30.0,2,2,2,1.0
470,374400.0,2.0,1.0,949.885,30.0,2,2,2,3.0
471,1099000.0,4.0,4.0,2194.0,41.0,1,3,3,4.0
472,999000.0,5.0,4.0,2301.0,42.56,2,3,3,1.0
473,899900.0,5.0,1.0,2072.0,63.0,1,1,1,1.0
474,799900.0,4.0,1.0,1418.7,61.0,1,1,1,1.0
475,759900.0,3.0,4.0,2162.0,30.0,2,3,3,4.0
476,529500.0,2.0,2.0,1360.0,58.57068322981366,2,2,2,1.0
477,374400.0,1.0,1.0,1839.2842264150945,58.57068322981366,1,1,1,1.0
478,374400.0,1.0,1.0,949.885,58.57068322981366,2,2,1,1.0
479,679900.0,3.0,3.0,1802.0,58.57068322981366,1,1,1,1.0
480,574000.0,3.0,4.0,1809.0,58.57068322981366,1,1,1,1.0
481,554000.0,3.0,3.0,1628.0,58.57068322981366,1,1,1,1.0
482,409900.0,3.0,2.0,1192.0,58.57068322981366,3,3,3,1.0
483,849900.0,3.0,3.0,1839.2842264150945,58.57068322981366,1,3,1,4.0
484,749000.0,4.0,3.0,1839.2842264150945,58.57068322981366,1,1,1,4.0
485,729888.0,2.0,2.0,1560.0,58.57068322981366,2,2,2,1.0
486,599900.0,6.0,2.0,1839.2842264150945,58.57068322981366,2,2,1,2.0
487,418000.0,3.0,2.0,1839.2842264150945,58.57068322981366,2,1,2,1.0
488,374400.0,1.0,1.0,1839.2842264150945,58.57068322981366,1,1,1,1.0
489,1584900.0,4.0,4.0,2745.3,64.8,3,3,3,1.0
490,1499900.0,4.0,5.0,2745.3,50.0,3,3,3,1.0
491,999900.0,5.0,4.0,2134.0,36.0,2,3,3,4.0
492,919900.0,4.0,3.0,2495.0,36.1,2,3,3,4.0
493,899000.0,4.0,4.0,1707.0,36.25,3,1,3,1.0
494,850000.0,4.0,2.0,1839.2842264150945,58.57068322981366,1,1,3,3.0
495,625000.0,6.0,2.0,1057.0,50.0,2,2,1,2.0
496,599900.0,6.0,1.0,1858.28,30.0,1,1,1,2.0
497,577900.0,2.0,2.0,949.885,30.0,2,2,2,1.0
498,450000.0,3.0,1.0,1500.0,42.83,1,1,1,1.0
499,1863299.9999999988,1.0,1.0,1839.2842264150945,70.0,1,1,1,10.0
500,1863299.9999999988,5.0,5.0,2745.3,62.5,2,1,3,4.0
501,1599900.0,4.0,4.0,2745.3,70.0,2,2,2,1.0
502,1499900.0,2.0,3.0,2048.0,66.0,2,2,2,1.0
503,1190000.0,1.0,1.0,1839.2842264150945,70.0,1,1,1,9.0
504,1079900.0,4.0,4.0,2528.0,57.0,3,3,3,4.0
505,854900.0,3.0,3.0,1930.0,33.0,3,3,3,4.0
506,790000.0,4.0,1.0,1810.0,61.1,1,1,1,1.0
507,790000.0,4.0,3.0,1810.0,61.1,1,3,1,1.0
508,599900.0,5.0,1.0,949.885,46.0,1,1,1,1.0
509,459000.0,5.0,2.0,1839.2842264150945,58.57068322981366,1,1,1,4.0
510,418000.0,3.0,2.0,1245.0,58.57068322981366,2,2,2,1.0
511,374400.0,1.0,1.0,949.885,58.57068322981366,1,1,1,1.0
512,374400.0,1.0,1.0,1839.2842264150945,58.57068322981366,1,1,1,1.0
513,1299900.0,4.0,3.0,2745.3,65.44,2,3,3,1.0
514,1095000.0,4.0,3.0,2316.0,40.0,2,3,3,1.0
515,899900.0,5.0,3.0,949.885,42.5,1,1,1,1.0
516,825000.0,3.0,4.0,2058.0,40.0,2,3,3,1.0
517,849000.0,3.0,3.0,1839.2842264150945,58.57068322981366,3,3,1,6.0
518,789000.0,1.0,1.0,1839.2842264150945,30.0,1,1,1,3.0
519,779000.0,3.0,3.0,1400.0,32.5,3,3,3,1.0
520,760000.0,6.0,3.0,1839.2842264150945,58.57068322981366,1,2,1,3.0
521,760000.0,6.0,3.0,1839.2842264150945,58.57068322981366,1,1,1,4.0
522,749900.0,5.0,1.0,1442.0,50.21,1,1,1,1.0
523,699900.0,5.0,2.0,1839.2842264150945,58.57068322981366,1,3,1,7.0
524,449900.0,2.0,2.0,1152.0,35.42,2,2,2,1.0
525,399900.0,2.0,2.0,949.885,58.57068322981366,2,2,2,1.0
526,1200000.0,1.0,1.0,1839.2842264150945,70.0,1,1,1,1.0
527,599900.0,5.0,3.0,1070.0,49.11,1,1,1,1.0
528,574900.0,5.0,2.0,1110.0,50.0,2,2,1,1.0
529,549900.0,4.0,1.0,1620.0,47.27,1,1,1,5.0
530,399900.0,2.0,1.0,949.885,40.0,2,2,1,1.0
531,374400.0,1.0,1.0,1839.2842264150945,58.57068322981366,1,1,1,1.0
532,374400.0,1.0,1.0,1839.2842264150945,58.57068322981366,1,1,1,1.0
533,374400.0,2.0,1.0,949.885,30.0,2,2,2,3.0
534,374400.0,1.0,1.0,1839.2842264150945,58.57068322981366,1,1,1,1.0
535,535500.0,2.0,1.0,949.885,46.6,2,2,1,1.0
536,1863299.9999999988,1.0,1.0,1839.2842264150945,45.0,1,1,1,1.0
537,1863299.9999999988,1.0,1.0,1839.2842264150945,70.0,1,1,1,1.0
538,1599900.0,5.0,5.0,2745.3,50.0,3,1,3,1.0
539,1550000.0,6.0,5.0,2745.3,53.6,2,3,3,4.0
540,1000000.0,1.0,1.0,1839.2842264150945,47.12,1,1,1,1.0
541,929900.0,3.0,3.0,1999.0,40.12,3,3,3,1.0
542,726000.0,4.0,3.0,1839.2842264150945,58.57068322981366,3,1,3,2.0
543,1863299.9999999988,1.0,1.0,1839.2842264150945,44.79,1,1,1,1.0
544,1089000.0,5.0,4.0,2314.0,40.0,2,1,3,1.0
545,1079000.0,4.0,4.0,1839.2842264150945,58.57068322981366,1,1,1,6.0
546,894900.0,4.0,3.0,1904.0,33.0,2,3,3,4.0
547,679900.0,4.0,4.0,1873.0,30.0,2,3,1,1.0
548,624900.0,5.0,2.0,2329.0,39.0,2,2,2,1.0
549,459900.0,3.0,2.0,1344.0,58.57068322981366,1,1,1,1.0
550,374400.0,1.0,1.0,1839.2842264150945,32.89,1,1,1,1.0
551,1500000.0,1.0,1.0,1839.2842264150945,70.0,1,1,1,10.0
552,799900.0,1.0,1.0,1839.2842264150945,33.0,1,1,1,8.0
553,799000.0,4.0,3.0,1839.2842264150945,58.57068322981366,1,1,1,3.0
554,379900.0,2.0,1.0,949.885,32.0,2,2,1,1.0
555,1863299.9999999988,5.0,5.0,2745.3,70.0,3,3,2,1.0
556,1863299.9999999988,6.0,5.0,2725.0,70.0,2,2,2,10.0
557,1349999.0,6.0,5.0,1839.2842264150945,58.57068322981366,1,1,3,4.0
558,429900.0,2.0,2.0,949.885,30.0,2,2,2,1.0
559,374400.0,1.0,1.0,949.885,30.0,1,1,1,2.0
560,374400.0,1.0,1.0,1839.2842264150945,58.57068322981366,2,2,1,2.0
561,1863299.9999999988,6.0,5.0,2745.3,60.01,3,1,3,1.0
562,1689900.0,4.0,4.0,2745.3,53.34,2,3,3,1.0
563,1399990.0,4.0,3.0,1839.2842264150945,58.57068322981366,2,1,3,6.0
564,378300.0,2.0,2.0,1036.0,30.0,2,2,2,1.0
565,374400.0,1.0,1.0,1839.2842264150945,58.57068322981366,1,1,1,1.0
566,1863299.9999999988,6.0,5.0,2745.3,64.99,3,3,3,1.0
567,999900.0,5.0,3.0,1839.2842264150945,58.57068322981366,2,2,3,4.0
568,559999.0,3.0,2.0,1839.2842264150945,58.57068322981366,1,2,1,2.0
569,374400.0,1.0,1.0,1839.2842264150945,70.0,1,1,1,1.0
570,695000.0,3.0,3.0,1629.0,30.0,1,1,1,1.0
571,619900.0,3.0,2.0,949.885,40.14,2,1,2,1.0
572,574000.0,3.0,1.0,950.0,40.0,2,2,1,1.0
573,474900.0,4.0,2.0,1839.2842264150945,58.57068322981366,2,2,1,6.0
574,399900.0,2.0,2.0,949.885,58.57068322981366,1,3,3,1.0
575,1750000.0,1.0,1.0,1095.0,70.0,1,1,1,3.0
576,1500000.0,6.0,1.0,1630.0,34.0,1,1,1,3.0
577,1399990.0,4.0,3.0,2745.3,70.0,3,3,3,1.0
578,999900.0,4.0,3.0,2400.0,47.74,2,3,3,4.0
579,979500.0,4.0,2.0,2745.3,30.0,2,2,2,1.0
580,529900.0,2.0,2.0,1366.0,30.0,2,2,2,1.0
581,425000.0,1.0,1.0,1839.2842264150945,58.57068322981366,1,1,1,1.0
582,374400.0,2.0,1.0,949.885,30.0,2,2,2,2.0
583,374400.0,1.0,3.0,1839.2842264150945,30.0,1,1,1,1.0
584,1799000.0,6.0,1.0,2745.3,70.0,1,1,1,10.0
585,1599900.0,6.0,1.0,1794.0,66.99,1,1,1,7.0
586,1449000.0,4.0,3.0,2745.3,54.0,3,3,3,1.0
587,1040000.0,5.0,4.0,2527.0,36.18,3,3,3,6.0
588,849900.0,4.0,3.0,1839.2842264150945,58.57068322981366,1,3,1,6.0
589,575000.0,2.0,2.0,1435.0,58.57068322981366,2,2,2,2.0
590,1449000.0,4.0,3.0,1839.2842264150945,58.57068322981366,1,1,3,6.0
591,1278900.0,5.0,4.0,2744.0,60.0,3,3,3,1.0
592,1863299.9999999988,1.0,1.0,1839.2842264150945,70.0,1,1,1,1.0
593,1863299.9999999988,1.0,1.0,1839.2842264150945,70.0,1,1,1,1.0
594,969900.0,4.0,3.0,2209.0,35.0,2,3,3,1.0
595,949900.0,4.0,3.0,2209.0,35.0,2,3,3,1.0
596,880000.0,3.0,2.0,1366.0,60.15,3,3,3,1.0
597,725000.0,5.0,3.0,949.885,60.0,3,3,3,4.0
598,689900.0,5.0,2.0,1839.2842264150945,58.57068322981366,2,2,1,6.0
599,1550000.0,6.0,5.0,1839.2842264150945,58.57068322981366,1,2,3,6.0
600,719999.0,3.0,4.0,2000.0,30.0,1,3,1,2.0
601,1089000.0,4.0,4.0,2258.0,53.88,3,1,3,1.0
602,599900.0,3.0,3.0,1800.0,30.0,2,1,3,2.0
603,469900.0,3.0,2.0,1200.0,58.57068322981366,3,3,3,1.0
604,399900.0,2.0,2.0,949.885,58.57068322981366,2,2,2,1.0
605,389000.0,2.0,2.0,1839.2842264150945,58.57068322981366,1,2,2,1.0
606,1863299.9999999988,4.0,5.0,2745.3,64.21,3,3,2,1.0
607,1499000.0,4.0,4.0,2745.3,70.0,3,3,3,1.0
608,849000.0,6.0,5.0,1839.2842264150945,58.57068322981366,1,1,1,1.0
609,799900.0,3.0,4.0,1682.31,33.46,2,3,3,3.0
610,599000.0,3.0,2.0,1839.2842264150945,58.57068322981366,1,3,1,2.0
611,434900.0,3.0,2.0,1839.2842264150945,58.57068322981366,1,3,3,1.0
612,1080990.0,3.0,3.0,1535.0,58.57068322981366,2,2,1,1.0
613,1039990.0,3.0,3.0,1452.0,58.57068322981366,2,2,1,1.0
614,956990.0,3.0,3.0,1315.0,58.57068322981366,2,2,1,1.0
615,832990.0,2.0,3.0,1128.0,58.57068322981366,2,2,1,1.0
616,814990.0,3.0,2.0,1084.0,58.57068322981366,2,2,1,1.0
617,755990.0,2.0,2.0,1068.0,58.57068322981366,2,2,1,1.0
618,699990.0,1.0,2.0,949.885,58.57068322981366,2,2,1,1.0
619,697990.0,2.0,2.0,949.885,58.57068322981366,2,2,1,1.0
620,679990.0,2.0,2.0,949.885,58.57068322981366,2,2,1,1.0
621,524990.0,1.0,1.0,949.885,58.57068322981366,2,2,1,1.0
622,1048000.0,4.0,4.0,1720.0,36.0,3,3,3,1.0
623,849000.0,6.0,1.0,949.885,32.0,1,1,1,1.0
624,409900.0,2.0,2.0,1036.2,58.57068322981366,2,2,2,1.0
625,699000.0,3.0,3.0,1685.0,30.0,2,3,3,2.0
626,1049000.0,4.0,3.0,1839.2842264150945,58.57068322981366,1,3,3,4.0
627,1863299.9999999988,4.0,5.0,2745.3,70.0,3,3,3,1.0
628,1400000.0,1.0,1.0,1839.2842264150945,30.0,1,1,1,1.0
629,1300000.0,4.0,1.0,1675.0,33.0,1,1,1,1.0
630,949000.0,1.0,1.0,1839.2842264150945,70.0,1,1,1,1.0
631,374400.0,1.0,1.0,1839.2842264150945,58.57068322981366,1,1,1,1.0
632,374400.0,6.0,5.0,1839.2842264150945,58.57068322981366,1,2,1,8.0
633,1499900.0,4.0,4.0,2745.3,67.0,3,3,3,1.0
634,1249900.0,5.0,4.0,2745.3,57.14,1,3,3,1.0
635,1199000.0,5.0,5.0,2745.3,30.82,3,3,3,6.0
636,999900.0,5.0,4.0,1839.2842264150945,58.57068322981366,1,1,3,6.0
637,949050.0,6.0,5.0,1839.2842264150945,58.57068322981366,1,1,1,6.0
638,909900.0,4.0,3.0,2319.0,36.2,2,3,3,4.0
639,889900.0,4.0,3.0,2213.0,36.2,2,3,3,4.0
640,879900.0,4.0,3.0,2143.0,36.2,2,3,3,4.0
641,869900.0,4.0,3.0,1956.0,36.2,2,3,3,4.0
642,445000.0,2.0,1.0,949.885,40.0,2,2,1,1.0
643,1499000.0,2.0,3.0,2194.77,70.0,2,2,2,1.0
644,1279000.0,5.0,4.0,2631.0,59.2,2,3,3,4.0
645,999900.0,5.0,4.0,2745.3,40.26,3,1,1,4.0
646,975582.0,4.0,3.0,2579.0,35.2,3,3,3,4.0
647,899975.0,4.0,3.0,2145.0,35.1,2,3,3,4.0
648,699000.0,2.0,2.0,1180.0,70.0,2,2,2,1.0
649,599900.0,5.0,1.0,1027.0,41.0,1,1,1,1.0
650,1270000.0,4.0,5.0,2745.3,39.63,3,3,3,1.0
651,1099000.0,4.0,4.0,2250.0,40.45,2,3,3,4.0
652,599900.0,4.0,2.0,1500.0,47.0,3,3,3,1.0
653,374400.0,1.0,1.0,1839.2842264150945,58.57068322981366,1,1,1,1.0
654,729900.0,3.0,3.0,1839.2842264150945,58.57068322981366,1,3,1,2.0
655,1863299.9999999988,1.0,1.0,1839.2842264150945,70.0,1,1,1,1.0
656,939000.0,3.0,3.0,1892.0,38.2,2,3,3,1.0
657,875000.0,1.0,5.0,2745.3,58.57068322981366,1,1,1,3.0
658,1799900.0,6.0,3.0,2567.0,56.6,3,3,1,1.0
659,1699900.0,5.0,4.0,2745.3,60.04,1,3,3,1.0
660,649900.0,4.0,3.0,957.0,50.0,1,1,2,1.0
661,374400.0,1.0,1.0,1839.2842264150945,58.57068322981366,1,1,1,1.0
662,620000.0,6.0,2.0,949.885,63.95,1,2,1,1.0
663,374400.0,1.0,1.0,1839.2842264150945,58.57068322981366,1,1,1,1.0
664,1299900.0,5.0,4.0,1839.2842264150945,58.57068322981366,1,1,3,4.0
665,1049900.0,2.0,2.0,1753.0,58.57068322981366,2,2,2,1.0
666,1049900.0,2.0,2.0,1753.0,58.57068322981366,2,2,2,1.0
667,1029900.0,2.0,2.0,1702.0,58.57068322981366,2,2,2,1.0
668,1029900.0,2.0,2.0,1702.0,58.57068322981366,2,2,2,1.0
669,999900.0,2.0,2.0,1663.0,58.57068322981366,2,2,2,1.0
670,999900.0,2.0,2.0,1663.0,58.57068322981366,2,2,2,1.0
671,895900.0,4.0,3.0,1839.2842264150945,58.57068322981366,1,3,3,4.0
672,884900.0,4.0,3.0,1839.2842264150945,58.57068322981366,1,3,3,4.0
673,799000.0,3.0,3.0,2012.0,30.84,3,3,3,3.0
674,399900.0,1.0,1.0,1839.2842264150945,40.0,1,1,1,4.0
675,1775000.0,4.0,4.0,2745.3,50.12,2,3,3,1.0
676,1299900.0,5.0,4.0,2700.0,70.0,3,3,3,4.0
677,1100000.0,4.0,4.0,2338.0,63.0,3,3,3,1.0
678,895900.0,4.0,3.0,2366.0,36.0,3,3,3,4.0
679,884900.0,4.0,3.0,2316.0,36.0,3,3,3,4.0
680,374400.0,1.0,1.0,1839.2842264150945,58.57068322981366,1,1,1,1.0
681,1863299.9999999988,1.0,1.0,1839.2842264150945,70.0,1,1,1,6.0
682,659900.0,5.0,2.0,1000.0,39.99,2,1,2,1.0
683,589900.0,4.0,1.0,1063.0,45.0,2,2,1,1.0
684,729900.0,2.0,3.0,1669.0,58.57068322981366,1,3,3,1.0
685,709900.0,5.0,1.0,1500.0,31.99,1,1,1,3.0
686,374400.0,1.0,1.0,1839.2842264150945,70.0,1,1,1,1.0
687,374400.0,1.0,1.0,1839.2842264150945,70.0,1,1,1,1.0
688,911550.0,4.0,4.0,2033.0,48.0,3,3,3,1.0
689,579900.0,2.0,2.0,949.885,30.0,2,2,1,1.0
690,389000.0,2.0,2.0,1019.29,30.0,2,2,2,1.0
691,1800000.0,1.0,1.0,1839.2842264150945,45.0,1,1,1,10.0
692,648888.0,5.0,2.0,949.885,54.33,2,2,1,1.0
693,759050.0,5.0,3.0,1839.2842264150945,58.57068322981366,1,1,1,5.0
694,1399000.0,4.0,4.0,2745.3,70.0,3,3,3,1.0
695,899900.0,3.0,3.0,1615.0,40.0,2,2,3,4.0
696,374400.0,1.0,2.0,1839.2842264150945,70.0,1,1,1,1.0
697,1863299.9999999988,1.0,1.0,1839.2842264150945,30.0,1,1,1,1.0
698,599999.0,1.0,1.0,1839.2842264150945,30.0,1,1,1,4.0
699,1499900.0,4.0,4.0,2745.3,49.87,3,3,3,1.0
700,949900.0,4.0,4.0,2156.0,36.0,2,3,3,1.0
701,759050.0,5.0,3.0,1839.2842264150945,58.57068322981366,1,1,1,3.0
702,1565000.0,2.0,2.0,2745.3,58.57068322981366,2,2,2,2.0
703,374400.0,2.0,1.0,1120.0,30.0,2,2,2,3.0
704,899000.0,3.0,3.0,1800.0,39.0,2,3,1,6.0
705,434900.0,3.0,2.0,1150.0,30.0,2,3,3,1.0
706,1499900.0,4.0,5.0,2745.3,55.91,2,3,3,1.0
707,1849000.0,4.0,5.0,2745.3,70.0,3,3,3,9.0
708,1299900.0,6.0,1.0,2745.3,69.5,1,1,1,7.0
709,1249999.0,4.0,4.0,2713.0,40.0,3,3,3,1.0
710,1189000.0,1.0,2.0,2585.0,40.0,2,1,3,1.0
711,1125000.0,4.0,4.0,2441.0,40.0,3,3,3,1.0
712,1100000.0,4.0,4.0,2395.0,40.0,3,3,3,1.0
713,999999.0,4.0,4.0,2175.0,40.0,3,3,3,4.0
714,999900.0,1.0,1.0,1839.2842264150945,50.06,1,1,1,7.0
715,374400.0,1.0,1.0,1839.2842264150945,58.57068322981366,1,1,1,1.0
716,374400.0,1.0,1.0,1800.0,70.0,1,1,1,10.0
717,1750000.0,1.0,1.0,1839.2842264150945,70.0,1,1,1,1.0
718,1074900.0,5.0,5.0,2156.0,36.0,1,3,3,4.0
719,374400.0,1.0,1.0,1839.2842264150945,58.57068322981366,1,1,1,1.0
720,1799900.0,6.0,1.0,2567.0,56.6,1,1,1,1.0
721,374400.0,1.0,1.0,1839.2842264150945,58.57068322981366,1,1,1,1.0
722,449900.0,4.0,1.0,1975.0,36.0,1,1,1,5.0
723,379000.0,1.0,1.0,1235.0,58.57068322981366,1,1,1,1.0
724,999000.0,5.0,4.0,2170.0,40.13,1,3,3,1.0
725,749900.0,3.0,3.0,1600.0,32.0,3,3,1,1.0
726,374400.0,1.0,1.0,1839.2842264150945,60.0,1,1,1,1.0
727,445900.0,2.0,2.0,1130.0,58.57068322981366,2,2,2,1.0
728,1345000.0,6.0,4.0,2745.3,66.0,3,1,3,6.0
729,839000.0,3.0,3.0,1908.0,36.0,2,3,3,1.0
730,832000.0,3.0,3.0,1800.0,36.0,3,3,3,1.0
731,1799000.0,4.0,4.0,2745.3,67.0,3,3,3,1.0
732,499000.0,3.0,2.0,1100.0,58.57068322981366,2,3,3,1.0
733,979900.0,4.0,3.0,2075.0,40.1,3,3,3,1.0
734,979900.0,4.0,3.0,2020.0,40.1,3,3,3,1.0
735,979900.0,4.0,3.0,2075.0,40.1,3,3,3,1.0
736,1863299.9999999988,1.0,1.0,1839.2842264150945,70.0,1,1,1,10.0
737,999000.0,3.0,3.0,2111.0,40.0,2,3,3,4.0
738,949900.0,1.0,1.0,1839.2842264150945,52.13,1,1,1,10.0
739,1863299.9999999988,6.0,5.0,2745.3,70.0,3,1,3,6.0
740,849900.0,3.0,3.0,1700.0,66.25,2,2,2,4.0
741,1863299.9999999988,1.0,1.0,1839.2842264150945,58.57068322981366,1,1,1,1.0
742,1863299.9999999988,1.0,1.0,1839.2842264150945,70.0,1,1,1,1.0
743,999900.0,3.0,3.0,2093.0,30.0,3,3,3,1.0
744,689000.0,1.0,3.0,2411.0,58.57068322981366,1,1,1,1.0
745,644900.0,3.0,3.0,1686.0,30.0,3,3,3,1.0
746,644900.0,3.0,3.0,1686.0,30.0,2,3,3,1.0
747,624900.0,3.0,3.0,1628.0,30.0,3,3,3,1.0
748,604900.0,2.0,3.0,1628.0,30.0,3,3,3,1.0
749,1070000.0,4.0,3.0,2300.0,40.0,2,3,3,4.0
